{"cameraMode":{"drawMode":0,"name":"Shaded","section":"Shading Mode"},"sceneLighting":false,"audioPlay":false,"sceneViewState":{"m_AlwaysRefresh":false,"showFog":true,"showSkybox":false,"showFlares":true,"showImageEffects":true,"showParticleSystems":true,"showVisualEffectGraphs":true,"m_FxEnabled":true},"in2DMode":false,"pivot":{"x":-0.6628773808479309,"y":0.06939070671796799,"z":0.35278427600860598},"rotation":{"x":-0.11374508589506149,"y":-0.011921847239136696,"z":-0.0013650046894326807,"w":0.9934378862380981},"size":0.1400386244058609,"orthographic":false}