{"cameraMode":{"drawMode":0,"name":"Shaded","section":"Shading Mode"},"sceneLighting":false,"audioPlay":false,"sceneViewState":{"m_AlwaysRefresh":false,"showFog":true,"showSkybox":false,"showFlares":true,"showImageEffects":true,"showParticleSystems":true,"showVisualEffectGraphs":true,"m_FxEnabled":true},"in2DMode":false,"pivot":{"x":-0.02283865213394165,"y":0.6677788496017456,"z":-0.02498096227645874},"rotation":{"x":0.008356854319572449,"y":0.5358119606971741,"z":-0.005303439684212208,"w":0.844279408454895},"size":1.2013829946517945,"orthographic":false}