{"cameraMode":{"drawMode":0,"name":"Shaded","section":"Shading Mode"},"sceneLighting":false,"audioPlay":false,"sceneViewState":{"m_AlwaysRefresh":false,"showFog":true,"showSkybox":false,"showFlares":true,"showImageEffects":true,"showParticleSystems":true,"showVisualEffectGraphs":true,"m_FxEnabled":true},"in2DMode":false,"pivot":{"x":0.5001106262207031,"y":6.939546585083008,"z":-0.26439571380615237},"rotation":{"x":0.350822389125824,"y":0.01545029878616333,"z":-0.0057890950702130798,"w":0.9362967610359192},"size":4.582816123962402,"orthographic":false}