{"cameraMode":{"drawMode":0,"name":"Shaded","section":"Shading Mode"},"sceneLighting":false,"audioPlay":false,"sceneViewState":{"m_AlwaysRefresh":false,"showFog":true,"showSkybox":false,"showFlares":true,"showImageEffects":true,"showParticleSystems":true,"showVisualEffectGraphs":true,"m_FxEnabled":true},"in2DMode":false,"pivot":{"x":-0.041031718254089358,"y":-0.04789566993713379,"z":0.08643507957458496},"rotation":{"x":0.350822389125824,"y":0.01545029878616333,"z":-0.0057890950702130798,"w":0.9362967610359192},"size":2.7658135890960695,"orthographic":false}